order_number,product_key,customer_key,order_date,shipping_date,due_date,sales_amount,quantity,price
SO43697,108,10769,2010-12-29,2011-01-05,2011-01-10,3578,1,3578
SO43698,42,17390,2010-12-29,2011-01-05,2011-01-10,3400,1,3400
SO43699,42,14864,2010-12-29,2011-01-05,2011-01-10,3400,1,3400
SO43700,58,3502,2010-12-29,2011-01-05,2011-01-10,699,1,699
SO43700,59,3502,2010-12-29,2011-01-05,2011-01-10,699,1,699
SO43701,42,4,2010-12-29,2011-01-05,2011-01-10,3400,1,3400
SO43702,104,16646,2010-12-30,2011-01-06,2011-01-11,3578,1,3578
SO43703,108,5625,2010-12-30,2011-01-06,2011-01-11,3578,1,3578
SO43704,39,6,2010-12-30,2011-01-06,2011-01-11,3375,1,3375
SO43705,40,12,2010-12-30,2011-01-06,2011-01-11,3400,1,3400
SO43706,105,16622,2010-12-31,2011-01-07,2011-01-12,3578,1,3578
SO43707,105,16617,2010-12-31,2011-01-07,2011-01-12,3578,1,3578
SO43708,64,9043,2010-12-31,2011-01-07,2011-01-12,699,1,699
SO43708,65,9043,2010-12-31,2011-01-07,2011-01-12,699,1,699
SO43709,106,5352,2010-12-31,2011-01-07,2011-01-12,3578,1,3578
SO43710,107,5518,2010-12-31,2011-01-07,2011-01-12,3578,1,3578
SO43711,107,16607,2011-01-01,2011-01-08,2011-01-13,3578,1,3578
SO43712,104,2514,2011-01-01,2011-01-08,2011-01-13,3578,1,3578
SO43713,108,16602,2011-01-02,2011-01-09,2011-01-14,3578,1,3578
SO43714,104,2592,2011-01-02,2011-01-09,2011-01-14,3578,1,3578
SO43715,107,5484,2011-01-02,2011-01-09,2011-01-14,3578,1,3578
SO43716,104,5530,2011-01-02,2011-01-09,2011-01-14,3578,1,3578
SO43717,58,14250,2011-01-02,2011-01-09,2011-01-14,699,1,699
SO43717,59,14250,2011-01-02,2011-01-09,2011-01-14,699,1,699
SO43718,104,16669,2011-01-03,2011-01-10,2011-01-15,3578,1,3578
SO43719,105,16613,2011-01-03,2011-01-10,2011-01-15,3578,1,3578
SO43720,104,2265,2011-01-03,2011-01-10,2011-01-15,3578,1,3578
SO43721,108,2591,2011-01-03,2011-01-10,2011-01-15,3578,1,3578
SO43722,105,2582,2011-01-04,2011-01-11,2011-01-16,3578,1,3578
SO43723,54,3521,2011-01-04,2011-01-11,2011-01-16,699,1,699
SO43723,55,3521,2011-01-04,2011-01-11,2011-01-16,699,1,699
SO43724,104,5521,2011-01-04,2011-01-11,2011-01-16,3578,1,3578
SO43725,104,2259,2011-01-05,2011-01-12,2011-01-17,3578,1,3578
SO43726,54,3561,2011-01-05,2011-01-12,2011-01-17,699,1,699
SO43726,55,3561,2011-01-05,2011-01-12,2011-01-17,699,1,699
SO43727,104,5608,2011-01-05,2011-01-12,2011-01-17,3578,1,3578
SO43728,106,16667,2011-01-06,2011-01-13,2011-01-18,3578,1,3578
SO43729,42,239,2011-01-06,2011-01-13,2011-01-18,3400,1,3400
SO43730,42,14862,2011-01-06,2011-01-13,2011-01-18,3400,1,3400
SO43731,107,5630,2011-01-06,2011-01-13,2011-01-18,3578,1,3578
SO43732,38,26,2011-01-06,2011-01-13,2011-01-18,3375,1,3375
SO43733,105,16578,2011-01-06,2011-01-13,2011-01-18,3578,1,3578
SO43734,105,16605,2011-01-07,2011-01-14,2011-01-19,3578,1,3578
SO43735,108,5523,2011-01-07,2011-01-14,2011-01-19,3578,1,3578
SO43736,42,3,2011-01-07,2011-01-14,2011-01-19,3400,1,3400
SO43737,104,2262,2011-01-08,2011-01-15,2011-01-20,3578,1,3578
SO43738,105,607,2011-01-08,2011-01-15,2011-01-20,3578,1,3578
SO43739,108,2564,2011-01-08,2011-01-15,2011-01-20,3578,1,3578
SO43740,105,5528,2011-01-08,2011-01-15,2011-01-20,3578,1,3578
SO43741,108,16672,2011-01-09,2011-01-16,2011-01-21,3578,1,3578
SO43742,107,2577,2011-01-09,2011-01-16,2011-01-21,3578,1,3578
SO43743,43,8,2011-01-09,2011-01-16,2011-01-21,3400,1,3400
SO43744,106,5632,2011-01-09,2011-01-16,2011-01-21,3578,1,3578
SO43745,104,5515,2011-01-10,2011-01-17,2011-01-22,3578,1,3578
SO43746,105,5617,2011-01-10,2011-01-17,2011-01-22,3578,1,3578
SO43747,107,16624,2011-01-11,2011-01-18,2011-01-23,3578,1,3578
SO43748,106,16626,2011-01-11,2011-01-18,2011-01-23,3578,1,3578
SO43749,107,16637,2011-01-11,2011-01-18,2011-01-23,3578,1,3578
SO43750,104,592,2011-01-11,2011-01-18,2011-01-23,3578,1,3578
SO43751,106,593,2011-01-11,2011-01-18,2011-01-23,3578,1,3578
SO43752,104,2266,2011-01-11,2011-01-18,2011-01-23,3578,1,3578
SO43753,108,5483,2011-01-11,2011-01-18,2011-01-23,3578,1,3578
SO43754,105,16618,2011-01-12,2011-01-19,2011-01-24,3578,1,3578
SO43755,104,16671,2011-01-12,2011-01-19,2011-01-24,3578,1,3578
SO43756,54,8942,2011-01-12,2011-01-19,2011-01-24,699,1,699
SO43756,55,8942,2011-01-12,2011-01-19,2011-01-24,699,1,699
SO43757,38,18,2011-01-12,2011-01-19,2011-01-24,3375,1,3375
SO43758,108,16647,2011-01-13,2011-01-20,2011-01-25,3578,1,3578
SO43759,108,2258,2011-01-13,2011-01-20,2011-01-25,3578,1,3578
SO43760,107,5353,2011-01-13,2011-01-20,2011-01-25,3578,1,3578
SO43761,108,5494,2011-01-13,2011-01-20,2011-01-25,3578,1,3578
SO43762,107,16579,2011-01-14,2011-01-21,2011-01-26,3578,1,3578
SO43763,106,5526,2011-01-14,2011-01-21,2011-01-26,3578,1,3578
SO43764,108,5613,2011-01-14,2011-01-21,2011-01-26,3578,1,3578
SO43765,42,11,2011-01-14,2011-01-21,2011-01-26,3400,1,3400
SO43766,106,5519,2011-01-15,2011-01-22,2011-01-27,3578,1,3578
SO43767,38,2,2011-01-15,2011-01-22,2011-01-27,3375,1,3375
SO43768,105,16650,2011-01-16,2011-01-23,2011-01-28,3578,1,3578
SO43769,105,10660,2011-01-16,2011-01-23,2011-01-28,3578,1,3578
SO43770,105,16615,2011-01-16,2011-01-23,2011-01-28,3578,1,3578
SO43771,64,3560,2011-01-16,2011-01-23,2011-01-28,699,1,699
SO43771,65,3560,2011-01-16,2011-01-23,2011-01-28,699,1,699
SO43772,105,5525,2011-01-16,2011-01-23,2011-01-28,3578,1,3578
SO43773,107,5527,2011-01-16,2011-01-23,2011-01-28,3578,1,3578
SO43774,106,5349,2011-01-16,2011-01-23,2011-01-28,3578,1,3578
SO43775,43,28,2011-01-16,2011-01-23,2011-01-28,3400,1,3400
SO43776,107,2261,2011-01-17,2011-01-24,2011-01-29,3578,1,3578
SO43777,104,5516,2011-01-17,2011-01-24,2011-01-29,3578,1,3578
SO43778,41,19,2011-01-17,2011-01-24,2011-01-29,3400,1,3400
SO43779,60,14253,2011-01-17,2011-01-24,2011-01-29,699,1,699
SO43779,61,14253,2011-01-17,2011-01-24,2011-01-29,699,1,699
SO43780,104,600,2011-01-18,2011-01-25,2011-01-30,3578,1,3578
SO43781,105,5496,2011-01-18,2011-01-25,2011-01-30,3578,1,3578
SO43782,105,5517,2011-01-18,2011-01-25,2011-01-30,3578,1,3578
SO43783,105,5621,2011-01-18,2011-01-25,2011-01-30,3578,1,3578
SO43784,108,16668,2011-01-19,2011-01-26,2011-01-31,3578,1,3578
SO43785,104,602,2011-01-19,2011-01-26,2011-01-31,3578,1,3578
SO43786,104,608,2011-01-19,2011-01-26,2011-01-31,3578,1,3578
SO43787,40,18386,2011-01-19,2011-01-26,2011-01-31,3400,1,3400
SO43788,39,240,2011-01-19,2011-01-26,2011-01-31,3375,1,3375
SO43789,39,14866,2011-01-19,2011-01-26,2011-01-31,3375,1,3375
SO43790,40,14858,2011-01-19,2011-01-26,2011-01-31,3400,1,3400
SO43791,107,5485,2011-01-19,2011-01-26,2011-01-31,3578,1,3578
SO43792,105,5624,2011-01-19,2011-01-26,2011-01-31,3578,1,3578
SO43793,40,1,2011-01-19,2011-01-26,2011-01-31,3400,1,3400
SO43794,43,30,2011-01-19,2011-01-26,2011-01-31,3400,1,3400
SO43795,105,16616,2011-01-20,2011-01-27,2011-02-01,3578,1,3578
SO43796,52,6957,2011-01-20,2011-01-27,2011-02-01,699,1,699
SO43796,53,6957,2011-01-20,2011-01-27,2011-02-01,699,1,699
SO43797,105,5346,2011-01-20,2011-01-27,2011-02-01,3578,1,3578
SO43798,108,5522,2011-01-20,2011-01-27,2011-02-01,3578,1,3578
SO43799,105,5637,2011-01-20,2011-01-27,2011-02-01,3578,1,3578
SO43800,104,10711,2011-01-21,2011-01-28,2011-02-02,3578,1,3578
SO43801,104,2584,2011-01-21,2011-01-28,2011-02-02,3578,1,3578
SO43802,105,594,2011-01-21,2011-01-28,2011-02-02,3578,1,3578
SO43803,107,10742,2011-01-22,2011-01-29,2011-02-03,3578,1,3578
SO43804,108,2586,2011-01-22,2011-01-29,2011-02-03,3578,1,3578
SO43805,62,3511,2011-01-22,2011-01-29,2011-02-03,699,1,699
SO43805,63,3511,2011-01-22,2011-01-29,2011-02-03,699,1,699
SO43806,105,5524,2011-01-22,2011-01-29,2011-02-03,3578,1,3578
SO43807,105,612,2011-01-23,2011-01-30,2011-02-04,3578,1,3578
SO43808,106,2260,2011-01-23,2011-01-30,2011-02-04,3578,1,3578
SO43809,108,5351,2011-01-23,2011-01-30,2011-02-04,3578,1,3578
SO43810,41,5,2011-01-23,2011-01-30,2011-02-04,3400,1,3400
SO43811,42,27,2011-01-23,2011-01-30,2011-02-04,3400,1,3400
SO43812,105,16663,2011-01-24,2011-01-31,2011-02-05,3578,1,3578
SO43813,38,17391,2011-01-24,2011-01-31,2011-02-05,3375,1,3375
SO43814,38,14867,2011-01-24,2011-01-31,2011-02-05,3375,1,3375
SO43815,104,5495,2011-01-24,2011-01-31,2011-02-05,3578,1,3578
SO43816,107,5497,2011-01-24,2011-01-31,2011-02-05,3578,1,3578
SO43817,108,5520,2011-01-24,2011-01-31,2011-02-05,3578,1,3578
SO43818,105,5529,2011-01-24,2011-01-31,2011-02-05,3578,1,3578
SO43819,42,7,2011-01-24,2011-01-31,2011-02-05,3400,1,3400
SO43820,105,16652,2011-01-25,2011-02-01,2011-02-06,3578,1,3578
SO43821,108,16664,2011-01-25,2011-02-01,2011-02-06,3578,1,3578
SO43822,106,16670,2011-01-25,2011-02-01,2011-02-06,3578,1,3578
SO43823,52,8943,2011-01-25,2011-02-01,2011-02-06,699,1,699
SO43823,53,8943,2011-01-25,2011-02-01,2011-02-06,699,1,699
SO43824,48,3559,2011-01-25,2011-02-01,2011-02-06,699,1,699
SO43824,49,3559,2011-01-25,2011-02-01,2011-02-06,699,1,699
SO43825,106,5350,2011-01-25,2011-02-01,2011-02-06,3578,1,3578
SO43826,36,9,2011-01-25,2011-02-01,2011-02-06,3375,1,3375
SO43827,48,14251,2011-01-25,2011-02-01,2011-02-06,699,1,699
SO43827,49,14251,2011-01-25,2011-02-01,2011-02-06,699,1,699
SO43828,108,16606,2011-01-26,2011-02-02,2011-02-07,3578,1,3578
SO43829,108,16612,2011-01-26,2011-02-02,2011-02-07,3578,1,3578
SO43830,104,5348,2011-01-26,2011-02-02,2011-02-07,3578,1,3578
SO43831,37,29,2011-01-26,2011-02-02,2011-02-07,3375,1,3375
SO43832,108,2585,2011-01-26,2011-02-02,2011-02-07,3578,1,3578
SO43833,108,10728,2011-01-27,2011-02-03,2011-02-08,3578,1,3578
SO43834,36,17394,2011-01-27,2011-02-03,2011-02-08,3375,1,3375
SO43835,36,8803,2011-01-27,2011-02-03,2011-02-08,3375,1,3375
SO43836,70,15621,2011-01-27,2011-02-03,2011-02-08,699,1,699
SO43836,71,15621,2011-01-27,2011-02-03,2011-02-08,699,1,699
SO43837,38,10,2011-01-27,2011-02-03,2011-02-08,3375,1,3375
SO43838,106,16642,2011-01-28,2011-02-04,2011-02-09,3578,1,3578
SO43839,104,16674,2011-01-28,2011-02-04,2011-02-09,3578,1,3578
SO43840,60,6958,2011-01-28,2011-02-04,2011-02-09,699,1,699
SO43840,61,6958,2011-01-28,2011-02-04,2011-02-09,699,1,699
SO43841,107,2407,2011-01-28,2011-02-04,2011-02-09,3578,1,3578
SO43842,105,5631,2011-01-28,2011-02-04,2011-02-09,3578,1,3578
SO43918,106,11042,2011-01-29,2011-02-05,2011-02-10,3578,1,3578
SO43919,107,1125,2011-01-29,2011-02-05,2011-02-10,3578,1,3578
SO43920,106,17067,2011-01-29,2011-02-05,2011-02-10,3578,1,3578
SO43921,106,5744,2011-01-29,2011-02-05,2011-02-10,3578,1,3578
SO43922,108,2547,2011-01-29,2011-02-05,2011-02-10,3578,1,3578
SO43923,105,17019,2011-01-30,2011-02-06,2011-02-11,3578,1,3578
SO43924,108,1133,2011-01-30,2011-02-06,2011-02-11,3578,1,3578
SO43925,107,5662,2011-01-30,2011-02-06,2011-02-11,3578,1,3578
SO43926,39,56,2011-01-31,2011-02-07,2011-02-12,3375,1,3375
SO43927,107,5663,2011-01-31,2011-02-07,2011-02-12,3578,1,3578
SO43928,106,5741,2011-01-31,2011-02-07,2011-02-12,3578,1,3578
SO43929,68,14271,2011-01-31,2011-02-07,2011-02-12,699,1,699
SO43929,69,14271,2011-01-31,2011-02-07,2011-02-12,699,1,699
SO43930,105,17039,2011-02-01,2011-02-08,2011-02-13,3578,1,3578
SO43931,106,2549,2011-02-01,2011-02-08,2011-02-13,3578,1,3578
SO43932,107,5742,2011-02-01,2011-02-08,2011-02-13,3578,1,3578
SO43933,43,32,2011-02-01,2011-02-08,2011-02-13,3400,1,3400
SO43934,42,35,2011-02-01,2011-02-08,2011-02-13,3400,1,3400
SO43935,56,9049,2011-02-02,2011-02-09,2011-02-14,699,1,699
SO43935,57,9049,2011-02-02,2011-02-09,2011-02-14,699,1,699
SO43936,104,17066,2011-02-02,2011-02-09,2011-02-14,3578,1,3578
SO43937,105,6048,2011-02-02,2011-02-09,2011-02-14,3578,1,3578
SO43938,108,5687,2011-02-02,2011-02-09,2011-02-14,3578,1,3578
SO43939,105,5660,2011-02-02,2011-02-09,2011-02-14,3578,1,3578
SO43940,58,14295,2011-02-02,2011-02-09,2011-02-14,699,1,699
SO43940,59,14295,2011-02-02,2011-02-09,2011-02-14,699,1,699
SO43941,107,2601,2011-02-03,2011-02-10,2011-02-15,3578,1,3578
SO43942,108,6052,2011-02-03,2011-02-10,2011-02-15,3578,1,3578
SO43943,48,3566,2011-02-03,2011-02-10,2011-02-15,699,1,699
SO43943,49,3566,2011-02-03,2011-02-10,2011-02-15,699,1,699
SO43944,40,55,2011-02-03,2011-02-10,2011-02-15,3400,1,3400
SO43945,108,5676,2011-02-03,2011-02-10,2011-02-15,3578,1,3578
SO43946,106,5688,2011-02-03,2011-02-10,2011-02-15,3578,1,3578
SO43947,108,5713,2011-02-03,2011-02-10,2011-02-15,3578,1,3578
SO43948,41,48,2011-02-03,2011-02-10,2011-02-15,3400,1,3400
SO43949,108,16727,2011-02-04,2011-02-11,2011-02-16,3578,1,3578
SO43950,104,17015,2011-02-04,2011-02-11,2011-02-16,3578,1,3578
SO43951,104,5697,2011-02-04,2011-02-11,2011-02-16,3578,1,3578
SO43952,105,5640,2011-02-04,2011-02-11,2011-02-16,3578,1,3578
SO43953,52,9050,2011-02-05,2011-02-12,2011-02-17,699,1,699
SO43953,53,9050,2011-02-05,2011-02-12,2011-02-17,699,1,699
SO43954,104,2603,2011-02-05,2011-02-12,2011-02-17,3578,1,3578
SO43955,107,2662,2011-02-05,2011-02-12,2011-02-17,3578,1,3578
SO43956,40,31,2011-02-05,2011-02-12,2011-02-17,3400,1,3400
SO43957,106,17069,2011-02-06,2011-02-13,2011-02-18,3578,1,3578
SO43958,105,5659,2011-02-06,2011-02-13,2011-02-18,3578,1,3578
SO43959,36,36,2011-02-06,2011-02-13,2011-02-18,3375,1,3375
SO43960,37,47,2011-02-06,2011-02-13,2011-02-18,3375,1,3375
SO43961,104,17032,2011-02-07,2011-02-14,2011-02-19,3578,1,3578
SO43962,105,17077,2011-02-07,2011-02-14,2011-02-19,3578,1,3578
SO43963,107,5686,2011-02-07,2011-02-14,2011-02-19,3578,1,3578
SO43964,105,5746,2011-02-07,2011-02-14,2011-02-19,3578,1,3578
SO43965,39,39,2011-02-07,2011-02-14,2011-02-19,3375,1,3375
SO43966,43,40,2011-02-07,2011-02-14,2011-02-19,3400,1,3400
SO43967,106,17041,2011-02-08,2011-02-15,2011-02-20,3578,1,3578
SO43968,106,17068,2011-02-08,2011-02-15,2011-02-20,3578,1,3578
SO43969,108,17072,2011-02-08,2011-02-15,2011-02-20,3578,1,3578
SO43970,104,5685,2011-02-08,2011-02-15,2011-02-20,3578,1,3578
SO43971,107,5658,2011-02-08,2011-02-15,2011-02-20,3578,1,3578
SO43972,107,10940,2011-02-09,2011-02-16,2011-02-21,3578,1,3578
SO43973,105,17040,2011-02-09,2011-02-16,2011-02-21,3578,1,3578
SO43974,105,2688,2011-02-09,2011-02-16,2011-02-21,3578,1,3578
SO43975,105,2541,2011-02-09,2011-02-16,2011-02-21,3578,1,3578
SO43976,108,17064,2011-02-09,2011-02-16,2011-02-21,3578,1,3578
SO43977,105,5704,2011-02-09,2011-02-16,2011-02-21,3578,1,3578
SO43978,108,17031,2011-02-10,2011-02-17,2011-02-22,3578,1,3578
SO43979,68,3577,2011-02-10,2011-02-17,2011-02-22,699,1,699
SO43979,69,3577,2011-02-10,2011-02-17,2011-02-22,699,1,699
SO43980,39,49,2011-02-10,2011-02-17,2011-02-22,3375,1,3375
SO43981,107,5665,2011-02-10,2011-02-17,2011-02-22,3578,1,3578
SO43982,52,14272,2011-02-10,2011-02-17,2011-02-22,699,1,699
SO43982,53,14272,2011-02-10,2011-02-17,2011-02-22,699,1,699
SO43983,107,17018,2011-02-11,2011-02-18,2011-02-23,3578,1,3578
SO43984,104,2546,2011-02-11,2011-02-18,2011-02-23,3578,1,3578
SO43985,106,2516,2011-02-11,2011-02-18,2011-02-23,3578,1,3578
SO43986,108,17071,2011-02-11,2011-02-18,2011-02-23,3578,1,3578
SO43987,108,17043,2011-02-12,2011-02-19,2011-02-24,3578,1,3578
SO43988,40,245,2011-02-12,2011-02-19,2011-02-24,3400,1,3400
SO43989,105,17084,2011-02-12,2011-02-19,2011-02-24,3578,1,3578
SO43990,40,14873,2011-02-12,2011-02-19,2011-02-24,3400,1,3400
SO43991,108,5661,2011-02-12,2011-02-19,2011-02-24,3578,1,3578
SO43992,104,5639,2011-02-12,2011-02-19,2011-02-24,3578,1,3578
SO43993,107,5930,2011-02-14,2011-02-21,2011-02-26,3578,1,3578
SO43994,107,16682,2011-02-15,2011-02-22,2011-02-27,3578,1,3578
SO43995,105,10814,2011-02-15,2011-02-22,2011-02-27,3578,1,3578
SO43996,108,16921,2011-02-15,2011-02-22,2011-02-27,3578,1,3578
SO43997,108,17023,2011-02-15,2011-02-22,2011-02-27,3578,1,3578
SO43998,36,34,2011-02-15,2011-02-22,2011-02-27,3375,1,3375
SO43999,104,17048,2011-02-15,2011-02-22,2011-02-27,3578,1,3578
SO44000,104,16919,2011-02-16,2011-02-23,2011-02-28,3578,1,3578
SO44001,106,17045,2011-02-16,2011-02-23,2011-02-28,3578,1,3578
SO44002,58,3573,2011-02-16,2011-02-23,2011-02-28,699,1,699
SO44002,59,3573,2011-02-16,2011-02-23,2011-02-28,699,1,699
SO44003,52,8326,2011-02-16,2011-02-23,2011-02-28,699,1,699
SO44003,53,8326,2011-02-16,2011-02-23,2011-02-28,699,1,699
SO44004,108,17062,2011-02-16,2011-02-23,2011-02-28,3578,1,3578
SO44005,56,15630,2011-02-16,2011-02-23,2011-02-28,699,1,699
SO44005,57,15630,2011-02-16,2011-02-23,2011-02-28,699,1,699
SO44006,108,5745,2011-02-16,2011-02-23,2011-02-28,3578,1,3578
SO44007,66,14556,2011-02-16,2011-02-23,2011-02-28,699,1,699
SO44007,67,14556,2011-02-16,2011-02-23,2011-02-28,699,1,699
SO44008,105,16679,2011-02-17,2011-02-24,2011-03-01,3578,1,3578
SO44009,107,16760,2011-02-17,2011-02-24,2011-03-01,3578,1,3578
SO44010,108,2681,2011-02-17,2011-02-24,2011-03-01,3578,1,3578
SO44011,108,2515,2011-02-17,2011-02-24,2011-03-01,3578,1,3578
SO44012,37,53,2011-02-17,2011-02-24,2011-03-01,3375,1,3375
SO44013,105,5929,2011-02-17,2011-02-24,2011-03-01,3578,1,3578
SO44014,106,16918,2011-02-18,2011-02-25,2011-03-02,3578,1,3578
SO44015,104,2694,2011-02-18,2011-02-25,2011-03-02,3578,1,3578
SO44016,38,248,2011-02-18,2011-02-25,2011-03-02,3375,1,3375
SO44017,108,17079,2011-02-18,2011-02-25,2011-03-02,3578,1,3578
SO44018,38,14877,2011-02-18,2011-02-25,2011-03-02,3375,1,3375
SO44019,108,5702,2011-02-18,2011-02-25,2011-03-02,3578,1,3578
SO44020,104,5932,2011-02-18,2011-02-25,2011-03-02,3578,1,3578
SO44021,36,33,2011-02-18,2011-02-25,2011-03-02,3375,1,3375
SO44022,106,11009,2011-02-19,2011-02-26,2011-03-03,3578,1,3578
SO44023,37,8831,2011-02-19,2011-02-26,2011-03-03,3375,1,3375
SO44024,107,5664,2011-02-19,2011-02-26,2011-03-03,3578,1,3578
SO44025,107,5709,2011-02-19,2011-02-26,2011-03-03,3578,1,3578
SO44026,108,6046,2011-02-19,2011-02-26,2011-03-03,3578,1,3578
SO44027,108,10922,2011-02-20,2011-02-27,2011-03-04,3578,1,3578
SO44028,105,6049,2011-02-20,2011-02-27,2011-03-04,3578,1,3578
SO44029,38,51,2011-02-20,2011-02-27,2011-03-04,3375,1,3375
SO44030,104,1132,2011-02-21,2011-02-28,2011-03-05,3578,1,3578
SO44031,106,2690,2011-02-21,2011-02-28,2011-03-05,3578,1,3578
SO44032,40,244,2011-02-21,2011-02-28,2011-03-05,3400,1,3400
SO44033,107,5694,2011-02-21,2011-02-28,2011-03-05,3578,1,3578
SO44034,106,5703,2011-02-21,2011-02-28,2011-03-05,3578,1,3578
SO44035,105,5708,2011-02-21,2011-02-28,2011-03-05,3578,1,3578
SO44036,108,6047,2011-02-21,2011-02-28,2011-03-05,3578,1,3578
SO44037,62,14273,2011-02-21,2011-02-28,2011-03-05,699,1,699
SO44037,63,14273,2011-02-21,2011-02-28,2011-03-05,699,1,699
SO44038,40,14869,2011-02-21,2011-02-28,2011-03-05,3400,1,3400
SO44039,52,6972,2011-02-22,2011-03-01,2011-03-06,699,1,699
SO44039,53,6972,2011-02-22,2011-03-01,2011-03-06,699,1,699
SO44040,39,58,2011-02-22,2011-03-01,2011-03-06,3375,1,3375
SO44041,106,5743,2011-02-22,2011-03-01,2011-03-06,3578,1,3578
SO44042,106,2679,2011-02-23,2011-03-02,2011-03-07,3578,1,3578
SO44043,104,2680,2011-02-23,2011-03-02,2011-03-07,3578,1,3578
SO44044,107,2691,2011-02-23,2011-03-02,2011-03-07,3578,1,3578
SO44045,40,17395,2011-02-23,2011-03-02,2011-03-07,3400,1,3400
SO44046,106,17065,2011-02-23,2011-03-02,2011-03-07,3578,1,3578
SO44047,40,14879,2011-02-23,2011-03-02,2011-03-07,3400,1,3400
SO44048,107,5714,2011-02-23,2011-03-02,2011-03-07,3578,1,3578
SO44049,107,2539,2011-02-24,2011-03-03,2011-03-08,3578,1,3578
SO44050,108,6051,2011-02-24,2011-03-03,2011-03-08,3578,1,3578
SO44051,108,2692,2011-02-25,2011-03-04,2011-03-09,3578,1,3578
SO44052,107,5638,2011-02-25,2011-03-04,2011-03-09,3578,1,3578
SO44053,48,8330,2011-02-26,2011-03-05,2011-03-10,699,1,699
SO44053,49,8330,2011-02-26,2011-03-05,2011-03-10,699,1,699
SO44054,107,2543,2011-02-26,2011-03-05,2011-03-10,3578,1,3578
SO44055,108,2544,2011-02-26,2011-03-05,2011-03-10,3578,1,3578
SO44056,107,2560,2011-02-26,2011-03-05,2011-03-10,3578,1,3578
SO44057,48,3578,2011-02-26,2011-03-05,2011-03-10,699,1,699
SO44057,49,3578,2011-02-26,2011-03-05,2011-03-10,699,1,699
SO44058,38,57,2011-02-26,2011-03-05,2011-03-10,3375,1,3375
SO44059,106,5689,2011-02-26,2011-03-05,2011-03-10,3578,1,3578
SO44060,52,14274,2011-02-26,2011-03-05,2011-03-10,699,1,699
SO44060,53,14274,2011-02-26,2011-03-05,2011-03-10,699,1,699
SO44061,108,16920,2011-02-27,2011-03-06,2011-03-11,3578,1,3578
SO44062,108,17042,2011-02-27,2011-03-06,2011-03-11,3578,1,3578
SO44063,40,241,2011-02-27,2011-03-06,2011-03-11,3400,1,3400
SO44064,108,11051,2011-02-27,2011-03-06,2011-03-11,3578,1,3578
SO44065,108,17063,2011-02-27,2011-03-06,2011-03-11,3578,1,3578
SO44066,40,14868,2011-02-27,2011-03-06,2011-03-11,3400,1,3400
SO44067,108,6050,2011-02-27,2011-03-06,2011-03-11,3578,1,3578
SO44068,106,2542,2011-02-28,2011-03-07,2011-03-12,3578,1,3578
SO44069,37,17396,2011-02-28,2011-03-07,2011-03-12,3375,1,3375
SO44070,37,8830,2011-02-28,2011-03-07,2011-03-12,3375,1,3375
SO44071,106,5692,2011-02-28,2011-03-07,2011-03-12,3578,1,3578
SO44072,104,5657,2011-02-28,2011-03-07,2011-03-12,3578,1,3578
SO44073,39,45,2011-02-28,2011-03-07,2011-03-12,3375,1,3375
SO44134,108,2822,2011-03-01,2011-03-08,2011-03-13,3578,1,3578
SO44135,108,17157,2011-03-01,2011-03-08,2011-03-13,3578,1,3578
SO44136,104,11115,2011-03-01,2011-03-08,2011-03-13,3578,1,3578
SO44137,107,6329,2011-03-01,2011-03-08,2011-03-13,3578,1,3578
SO44138,108,2766,2011-03-02,2011-03-09,2011-03-14,3578,1,3578
SO44139,104,2793,2011-03-02,2011-03-09,2011-03-14,3578,1,3578
SO44140,104,1222,2011-03-02,2011-03-09,2011-03-14,3578,1,3578
SO44141,106,2573,2011-03-02,2011-03-09,2011-03-14,3578,1,3578
SO44142,106,11059,2011-03-02,2011-03-09,2011-03-14,3578,1,3578
SO44143,106,17146,2011-03-02,2011-03-09,2011-03-14,3578,1,3578
SO44144,105,6072,2011-03-02,2011-03-09,2011-03-14,3578,1,3578
SO44145,108,6310,2011-03-02,2011-03-09,2011-03-14,3578,1,3578
SO44146,106,6311,2011-03-02,2011-03-09,2011-03-14,3578,1,3578
SO44147,108,6321,2011-03-02,2011-03-09,2011-03-14,3578,1,3578
SO44148,108,17173,2011-03-03,2011-03-10,2011-03-15,3578,1,3578
SO44149,105,6243,2011-03-03,2011-03-10,2011-03-15,3578,1,3578
SO44150,105,6316,2011-03-03,2011-03-10,2011-03-15,3578,1,3578
SO44151,62,14559,2011-03-03,2011-03-10,2011-03-15,699,1,699
SO44151,63,14559,2011-03-03,2011-03-10,2011-03-15,699,1,699
SO44152,42,335,2011-03-04,2011-03-11,2011-03-16,3400,1,3400
SO44153,105,17169,2011-03-04,2011-03-11,2011-03-16,3578,1,3578
SO44154,104,17182,2011-03-04,2011-03-11,2011-03-16,3578,1,3578
SO44155,106,17132,2011-03-04,2011-03-11,2011-03-16,3578,1,3578
SO44156,42,14888,2011-03-04,2011-03-11,2011-03-16,3400,1,3400
SO44157,107,6056,2011-03-04,2011-03-11,2011-03-16,3578,1,3578
SO44158,104,2568,2011-03-05,2011-03-12,2011-03-17,3578,1,3578
SO44159,104,17183,2011-03-05,2011-03-12,2011-03-17,3578,1,3578
SO44160,105,17187,2011-03-05,2011-03-12,2011-03-17,3578,1,3578
SO44161,107,2773,2011-03-06,2011-03-13,2011-03-18,3578,1,3578
SO44162,104,17186,2011-03-06,2011-03-13,2011-03-18,3578,1,3578
SO44163,107,17194,2011-03-06,2011-03-13,2011-03-18,3578,1,3578
SO44164,108,17089,2011-03-06,2011-03-13,2011-03-18,3578,1,3578
SO44165,106,6066,2011-03-06,2011-03-13,2011-03-18,3578,1,3578
SO44166,48,3582,2011-03-06,2011-03-13,2011-03-18,699,1,699
SO44166,49,3582,2011-03-06,2011-03-13,2011-03-18,699,1,699
SO44167,107,6309,2011-03-06,2011-03-13,2011-03-18,3578,1,3578
SO44168,106,1212,2011-03-07,2011-03-14,2011-03-19,3578,1,3578
SO44169,104,17180,2011-03-07,2011-03-14,2011-03-19,3578,1,3578
SO44170,107,17184,2011-03-07,2011-03-14,2011-03-19,3578,1,3578
SO44171,106,17113,2011-03-07,2011-03-14,2011-03-19,3578,1,3578
SO44172,48,3585,2011-03-07,2011-03-14,2011-03-19,699,1,699
SO44172,49,3585,2011-03-07,2011-03-14,2011-03-19,699,1,699
SO44173,105,2785,2011-03-08,2011-03-15,2011-03-20,3578,1,3578
SO44174,104,6230,2011-03-08,2011-03-15,2011-03-20,3578,1,3578
SO44175,106,6247,2011-03-08,2011-03-15,2011-03-20,3578,1,3578
SO44176,107,1221,2011-03-09,2011-03-16,2011-03-21,3578,1,3578
SO44177,38,338,2011-03-09,2011-03-16,2011-03-21,3375,1,3375
SO44178,105,17098,2011-03-09,2011-03-16,2011-03-21,3578,1,3578
SO44179,38,14889,2011-03-09,2011-03-16,2011-03-21,3375,1,3375
SO44180,43,59,2011-03-09,2011-03-16,2011-03-21,3400,1,3400
SO44181,105,6295,2011-03-09,2011-03-16,2011-03-21,3578,1,3578
SO44182,108,6300,2011-03-09,2011-03-16,2011-03-21,3578,1,3578
SO44183,108,17159,2011-03-10,2011-03-17,2011-03-22,3578,1,3578
SO44184,107,6248,2011-03-10,2011-03-17,2011-03-22,3578,1,3578
SO44185,108,6281,2011-03-10,2011-03-17,2011-03-22,3578,1,3578
SO44186,43,14890,2011-03-12,2011-03-19,2011-03-24,3400,1,3400
SO44187,106,6070,2011-03-12,2011-03-19,2011-03-24,3578,1,3578
SO44188,56,9053,2011-03-13,2011-03-20,2011-03-25,699,1,699
SO44188,57,9053,2011-03-13,2011-03-20,2011-03-25,699,1,699
SO44189,68,9055,2011-03-13,2011-03-20,2011-03-25,699,1,699
SO44189,69,9055,2011-03-13,2011-03-20,2011-03-25,699,1,699
SO44190,36,62,2011-03-13,2011-03-20,2011-03-25,3375,1,3375
SO44191,108,6249,2011-03-13,2011-03-20,2011-03-25,3578,1,3578
SO44192,105,2571,2011-03-14,2011-03-21,2011-03-26,3578,1,3578
SO44193,105,17165,2011-03-14,2011-03-21,2011-03-26,3578,1,3578
SO44194,108,6065,2011-03-14,2011-03-21,2011-03-26,3578,1,3578
SO44195,106,6250,2011-03-14,2011-03-21,2011-03-26,3578,1,3578
SO44196,107,6296,2011-03-14,2011-03-21,2011-03-26,3578,1,3578
SO44197,105,17097,2011-03-15,2011-03-22,2011-03-27,3578,1,3578
SO44198,108,17151,2011-03-15,2011-03-22,2011-03-27,3578,1,3578
SO44199,106,6260,2011-03-15,2011-03-22,2011-03-27,3578,1,3578
SO44200,104,6313,2011-03-15,2011-03-22,2011-03-27,3578,1,3578
SO44201,106,1255,2011-03-16,2011-03-23,2011-03-28,3578,1,3578
SO44202,104,17160,2011-03-16,2011-03-23,2011-03-28,3578,1,3578
SO44203,105,17150,2011-03-16,2011-03-23,2011-03-28,3578,1,3578
SO44204,58,3581,2011-03-16,2011-03-23,2011-03-28,699,1,699
SO44204,59,3581,2011-03-16,2011-03-23,2011-03-28,699,1,699
SO44205,105,6286,2011-03-16,2011-03-23,2011-03-28,3578,1,3578
SO44206,43,251,2011-03-17,2011-03-24,2011-03-29,3400,1,3400
SO44207,106,17163,2011-03-17,2011-03-24,2011-03-29,3578,1,3578
SO44208,43,14880,2011-03-17,2011-03-24,2011-03-29,3400,1,3400
SO44209,104,6258,2011-03-17,2011-03-24,2011-03-29,3578,1,3578
SO44210,108,2784,2011-03-18,2011-03-25,2011-03-30,3578,1,3578
SO44211,106,17155,2011-03-18,2011-03-25,2011-03-30,3578,1,3578
SO44212,105,17171,2011-03-18,2011-03-25,2011-03-30,3578,1,3578
SO44213,108,6352,2011-03-18,2011-03-25,2011-03-30,3578,1,3578
SO44214,104,6333,2011-03-18,2011-03-25,2011-03-30,3578,1,3578
SO44215,105,17181,2011-03-19,2011-03-26,2011-03-31,3578,1,3578
SO44216,107,2561,2011-03-19,2011-03-26,2011-03-31,3578,1,3578
SO44217,108,17149,2011-03-19,2011-03-26,2011-03-31,3578,1,3578
SO44218,104,11110,2011-03-19,2011-03-26,2011-03-31,3578,1,3578
SO44219,48,3591,2011-03-19,2011-03-26,2011-03-31,699,1,699
SO44219,49,3591,2011-03-19,2011-03-26,2011-03-31,699,1,699
SO44220,41,61,2011-03-19,2011-03-26,2011-03-31,3400,1,3400
SO44221,107,6256,2011-03-19,2011-03-26,2011-03-31,3578,1,3578
SO44222,104,6259,2011-03-19,2011-03-26,2011-03-31,3578,1,3578
SO44223,108,2848,2011-03-20,2011-03-27,2011-04-01,3578,1,3578
SO44224,107,17167,2011-03-20,2011-03-27,2011-04-01,3578,1,3578
SO44225,68,9061,2011-03-21,2011-03-28,2011-04-02,699,1,699
SO44225,69,9061,2011-03-21,2011-03-28,2011-04-02,699,1,699
SO44226,106,1256,2011-03-21,2011-03-28,2011-04-02,3578,1,3578
SO44227,37,17402,2011-03-21,2011-03-28,2011-04-02,3375,1,3375
SO44228,40,334,2011-03-21,2011-03-28,2011-04-02,3400,1,3400
SO44229,40,14887,2011-03-21,2011-03-28,2011-04-02,3400,1,3400
SO44230,105,6242,2011-03-21,2011-03-28,2011-04-02,3578,1,3578
SO44231,56,6974,2011-03-21,2011-03-28,2011-04-02,699,1,699
SO44231,57,6974,2011-03-21,2011-03-28,2011-04-02,699,1,699
SO44232,105,6335,2011-03-21,2011-03-28,2011-04-02,3578,1,3578
SO44233,108,2842,2011-03-22,2011-03-29,2011-04-03,3578,1,3578
SO44234,105,17185,2011-03-22,2011-03-29,2011-04-03,3578,1,3578
SO44235,106,11118,2011-03-22,2011-03-29,2011-04-03,3578,1,3578
SO44236,105,17192,2011-03-22,2011-03-29,2011-04-03,3578,1,3578
SO44237,108,6057,2011-03-22,2011-03-29,2011-04-03,3578,1,3578
SO44238,104,6080,2011-03-22,2011-03-29,2011-04-03,3578,1,3578
SO44239,104,1218,2011-03-23,2011-03-30,2011-04-04,3578,1,3578
SO44240,104,2581,2011-03-23,2011-03-30,2011-04-04,3578,1,3578
SO44241,106,17156,2011-03-23,2011-03-30,2011-04-04,3578,1,3578
SO44242,106,17164,2011-03-23,2011-03-30,2011-04-04,3578,1,3578
SO44243,105,6279,2011-03-23,2011-03-30,2011-04-04,3578,1,3578
SO44244,105,6330,2011-03-23,2011-03-30,2011-04-04,3578,1,3578
SO44245,64,14557,2011-03-23,2011-03-30,2011-04-04,699,1,699
SO44245,65,14557,2011-03-23,2011-03-30,2011-04-04,699,1,699
SO44246,105,1220,2011-03-24,2011-03-31,2011-04-05,3578,1,3578
SO44247,108,6234,2011-03-24,2011-03-31,2011-04-05,3578,1,3578
SO44248,106,6241,2011-03-24,2011-03-31,2011-04-05,3578,1,3578
SO44249,106,2846,2011-03-25,2011-04-01,2011-04-06,3578,1,3578
SO44250,105,17168,2011-03-25,2011-04-01,2011-04-06,3578,1,3578
SO44251,104,17191,2011-03-25,2011-04-01,2011-04-06,3578,1,3578
SO44252,105,2778,2011-03-26,2011-04-02,2011-04-07,3578,1,3578
SO44253,108,17100,2011-03-26,2011-04-02,2011-04-07,3578,1,3578
SO44254,107,17143,2011-03-26,2011-04-02,2011-04-07,3578,1,3578
SO44255,50,3586,2011-03-26,2011-04-02,2011-04-07,699,1,699
SO44255,51,3586,2011-03-26,2011-04-02,2011-04-07,699,1,699
SO44256,105,6233,2011-03-26,2011-04-02,2011-04-07,3578,1,3578
SO44257,106,1213,2011-03-27,2011-04-03,2011-04-08,3578,1,3578
SO44258,108,2580,2011-03-27,2011-04-03,2011-04-08,3578,1,3578
SO44259,105,17172,2011-03-27,2011-04-03,2011-04-08,3578,1,3578
SO44260,105,17195,2011-03-27,2011-04-03,2011-04-08,3578,1,3578
SO44261,105,11113,2011-03-27,2011-04-03,2011-04-08,3578,1,3578
SO44262,68,9150,2011-03-27,2011-04-03,2011-04-08,699,1,699
SO44262,69,9150,2011-03-27,2011-04-03,2011-04-08,699,1,699
SO44263,108,6280,2011-03-27,2011-04-03,2011-04-08,3578,1,3578
SO44264,106,6287,2011-03-27,2011-04-03,2011-04-08,3578,1,3578
SO44265,66,14558,2011-03-27,2011-04-03,2011-04-08,699,1,699
SO44265,67,14558,2011-03-27,2011-04-03,2011-04-08,699,1,699
SO44266,58,14560,2011-03-27,2011-04-03,2011-04-08,699,1,699
SO44266,59,14560,2011-03-27,2011-04-03,2011-04-08,699,1,699
SO44267,58,8340,2011-03-28,2011-04-04,2011-04-09,699,1,699
SO44267,59,8340,2011-03-28,2011-04-04,2011-04-09,699,1,699
SO44268,105,2821,2011-03-28,2011-04-04,2011-04-09,3578,1,3578
SO44269,60,3590,2011-03-29,2011-04-05,2011-04-10,699,1,699
SO44269,61,3590,2011-03-29,2011-04-05,2011-04-10,699,1,699
SO44270,107,2795,2011-03-30,2011-04-06,2011-04-11,3578,1,3578
SO44271,107,2847,2011-03-30,2011-04-06,2011-04-11,3578,1,3578
SO44272,104,1257,2011-03-30,2011-04-06,2011-04-11,3578,1,3578
SO44273,104,17148,2011-03-30,2011-04-06,2011-04-11,3578,1,3578
SO44274,107,17153,2011-03-30,2011-04-06,2011-04-11,3578,1,3578
SO44275,104,6257,2011-03-30,2011-04-06,2011-04-11,3578,1,3578
SO44276,106,6278,2011-03-30,2011-04-06,2011-04-11,3578,1,3578
SO44277,104,6289,2011-03-30,2011-04-06,2011-04-11,3578,1,3578
SO44278,108,6294,2011-03-30,2011-04-06,2011-04-11,3578,1,3578
SO44279,106,6327,2011-03-30,2011-04-06,2011-04-11,3578,1,3578
SO44320,107,3430,2011-03-31,2011-04-07,2011-04-12,3578,1,3578
SO44321,104,17223,2011-03-31,2011-04-07,2011-04-12,3578,1,3578
SO44322,62,6976,2011-03-31,2011-04-07,2011-04-12,699,1,699
SO44322,63,6976,2011-03-31,2011-04-07,2011-04-12,699,1,699
SO44323,40,73,2011-03-31,2011-04-07,2011-04-12,3400,1,3400
SO44324,104,1268,2011-04-01,2011-04-08,2011-04-13,3578,1,3578
SO44325,39,96,2011-04-01,2011-04-08,2011-04-13,3375,1,3375
SO44326,105,6729,2011-04-01,2011-04-08,2011-04-13,3578,1,3578
SO44327,107,17599,2011-04-02,2011-04-09,2011-04-14,3578,1,3578
SO44328,108,6922,2011-04-02,2011-04-09,2011-04-14,3578,1,3578
SO44329,104,6905,2011-04-02,2011-04-09,2011-04-14,3578,1,3578
SO44330,105,17200,2011-04-02,2011-04-09,2011-04-14,3578,1,3578
SO44331,104,17258,2011-04-03,2011-04-10,2011-04-15,3578,1,3578
SO44332,108,6511,2011-04-03,2011-04-10,2011-04-15,3578,1,3578
SO44333,41,344,2011-04-04,2011-04-11,2011-04-16,3400,1,3400
SO44334,104,17274,2011-04-04,2011-04-11,2011-04-16,3578,1,3578
SO44335,70,9166,2011-04-04,2011-04-11,2011-04-16,699,1,699
SO44335,71,9166,2011-04-04,2011-04-11,2011-04-16,699,1,699
SO44336,41,14896,2011-04-04,2011-04-11,2011-04-16,3400,1,3400
SO44337,39,98,2011-04-04,2011-04-11,2011-04-16,3375,1,3375
SO44338,107,7189,2011-04-04,2011-04-11,2011-04-16,3578,1,3578
SO44339,104,7190,2011-04-04,2011-04-11,2011-04-16,3578,1,3578
SO44340,107,6355,2011-04-04,2011-04-11,2011-04-16,3578,1,3578
SO44341,36,14906,2011-04-05,2011-04-12,2011-04-17,3375,1,3375
SO44342,66,3611,2011-04-05,2011-04-12,2011-04-17,699,1,699
SO44342,67,3611,2011-04-05,2011-04-12,2011-04-17,699,1,699
SO44343,107,6921,2011-04-05,2011-04-12,2011-04-17,3578,1,3578
SO44344,108,3428,2011-04-06,2011-04-13,2011-04-18,3578,1,3578
SO44345,106,17201,2011-04-06,2011-04-13,2011-04-18,3578,1,3578
SO44346,58,3603,2011-04-06,2011-04-13,2011-04-18,699,1,699
SO44346,59,3603,2011-04-06,2011-04-13,2011-04-18,699,1,699
SO44347,105,6912,2011-04-06,2011-04-13,2011-04-18,3578,1,3578
SO44348,106,3160,2011-04-07,2011-04-14,2011-04-19,3578,1,3578
SO44349,104,17244,2011-04-07,2011-04-14,2011-04-19,3578,1,3578
SO44350,105,17245,2011-04-07,2011-04-14,2011-04-19,3578,1,3578
SO44351,107,17272,2011-04-07,2011-04-14,2011-04-19,3578,1,3578
SO44352,104,17298,2011-04-07,2011-04-14,2011-04-19,3578,1,3578
SO44353,60,3592,2011-04-07,2011-04-14,2011-04-19,699,1,699
SO44353,61,3592,2011-04-07,2011-04-14,2011-04-19,699,1,699
SO44354,58,3604,2011-04-07,2011-04-14,2011-04-19,699,1,699
SO44354,59,3604,2011-04-07,2011-04-14,2011-04-19,699,1,699
SO44355,43,94,2011-04-07,2011-04-14,2011-04-19,3400,1,3400
SO44356,41,100,2011-04-07,2011-04-14,2011-04-19,3400,1,3400
SO44357,108,6512,2011-04-07,2011-04-14,2011-04-19,3578,1,3578
SO44358,108,6733,2011-04-07,2011-04-14,2011-04-19,3578,1,3578
SO44359,104,3526,2011-04-08,2011-04-15,2011-04-20,3578,1,3578
SO44360,104,3159,2011-04-08,2011-04-15,2011-04-20,3578,1,3578
SO44361,108,2687,2011-04-08,2011-04-15,2011-04-20,3578,1,3578
SO44362,108,17260,2011-04-08,2011-04-15,2011-04-20,3578,1,3578
SO44363,105,17286,2011-04-08,2011-04-15,2011-04-20,3578,1,3578
SO44364,36,93,2011-04-08,2011-04-15,2011-04-20,3375,1,3375
SO44365,106,6913,2011-04-08,2011-04-15,2011-04-20,3578,1,3578
SO44366,106,6503,2011-04-08,2011-04-15,2011-04-20,3578,1,3578
SO44367,62,14563,2011-04-08,2011-04-15,2011-04-20,699,1,699
SO44367,63,14563,2011-04-08,2011-04-15,2011-04-20,699,1,699
SO44368,107,3151,2011-04-09,2011-04-16,2011-04-21,3578,1,3578
SO44369,108,17251,2011-04-09,2011-04-16,2011-04-21,3578,1,3578
SO44370,106,7194,2011-04-09,2011-04-16,2011-04-21,3578,1,3578
SO44371,104,6515,2011-04-09,2011-04-16,2011-04-21,3578,1,3578
SO44372,108,6737,2011-04-09,2011-04-16,2011-04-21,3578,1,3578
SO44373,108,2768,2011-04-10,2011-04-17,2011-04-22,3578,1,3578
SO44374,108,3158,2011-04-10,2011-04-17,2011-04-22,3578,1,3578
SO44375,108,3184,2011-04-10,2011-04-17,2011-04-22,3578,1,3578
SO44376,37,18400,2011-04-10,2011-04-17,2011-04-22,3375,1,3375
SO44377,108,17235,2011-04-10,2011-04-17,2011-04-22,3578,1,3578
SO44378,37,14904,2011-04-10,2011-04-17,2011-04-22,3375,1,3375
SO44379,39,81,2011-04-10,2011-04-17,2011-04-22,3375,1,3375
SO44380,108,6916,2011-04-10,2011-04-17,2011-04-22,3578,1,3578
SO44381,106,3192,2011-04-11,2011-04-18,2011-04-23,3578,1,3578
SO44382,43,342,2011-04-11,2011-04-18,2011-04-23,3400,1,3400
SO44383,108,17269,2011-04-11,2011-04-18,2011-04-23,3578,1,3578
SO44384,104,17297,2011-04-11,2011-04-18,2011-04-23,3578,1,3578
SO44385,107,17299,2011-04-11,2011-04-18,2011-04-23,3578,1,3578
SO44386,105,17588,2011-04-11,2011-04-18,2011-04-23,3578,1,3578
SO44387,39,97,2011-04-11,2011-04-18,2011-04-23,3375,1,3375
SO44388,108,6925,2011-04-11,2011-04-18,2011-04-23,3578,1,3578
SO44389,106,6926,2011-04-11,2011-04-18,2011-04-23,3578,1,3578
SO44390,107,6354,2011-04-11,2011-04-18,2011-04-23,3578,1,3578
SO44391,106,6731,2011-04-11,2011-04-18,2011-04-23,3578,1,3578
SO44392,107,6911,2011-04-11,2011-04-18,2011-04-23,3578,1,3578
SO44393,41,18399,2011-04-12,2011-04-19,2011-04-24,3400,1,3400
SO44394,106,17247,2011-04-12,2011-04-19,2011-04-24,3578,1,3578
SO44395,107,17340,2011-04-12,2011-04-19,2011-04-24,3578,1,3578
SO44396,41,14902,2011-04-12,2011-04-19,2011-04-24,3400,1,3400
SO44397,64,3597,2011-04-12,2011-04-19,2011-04-24,699,1,699
SO44397,65,3597,2011-04-12,2011-04-19,2011-04-24,699,1,699
SO44398,105,6734,2011-04-12,2011-04-19,2011-04-24,3578,1,3578
SO44399,104,17241,2011-04-13,2011-04-20,2011-04-25,3578,1,3578
SO44400,105,17589,2011-04-13,2011-04-20,2011-04-25,3578,1,3578
SO44401,105,6516,2011-04-13,2011-04-20,2011-04-25,3578,1,3578
SO44402,107,2667,2011-04-14,2011-04-21,2011-04-26,3578,1,3578
SO44403,38,8845,2011-04-14,2011-04-21,2011-04-26,3375,1,3375
SO44404,107,17222,2011-04-15,2011-04-22,2011-04-27,3578,1,3578
SO44405,108,17225,2011-04-15,2011-04-22,2011-04-27,3578,1,3578
SO44406,106,17300,2011-04-15,2011-04-22,2011-04-27,3578,1,3578
SO44407,39,78,2011-04-15,2011-04-22,2011-04-27,3375,1,3375
SO44408,39,104,2011-04-15,2011-04-22,2011-04-27,3375,1,3375
SO44409,66,14564,2011-04-15,2011-04-22,2011-04-27,699,1,699
SO44409,67,14564,2011-04-15,2011-04-22,2011-04-27,699,1,699
SO44410,108,17224,2011-04-16,2011-04-23,2011-04-28,3578,1,3578
SO44411,105,17585,2011-04-16,2011-04-23,2011-04-28,3578,1,3578
SO44412,37,101,2011-04-16,2011-04-23,2011-04-28,3375,1,3375
SO44413,108,2607,2011-04-17,2011-04-24,2011-04-29,3578,1,3578
SO44414,104,17341,2011-04-17,2011-04-24,2011-04-29,3578,1,3578
SO44415,105,17356,2011-04-17,2011-04-24,2011-04-29,3578,1,3578
SO44416,41,70,2011-04-17,2011-04-24,2011-04-29,3400,1,3400
SO44417,104,6918,2011-04-17,2011-04-24,2011-04-29,3578,1,3578
SO44418,104,6920,2011-04-17,2011-04-24,2011-04-29,3578,1,3578
SO44419,108,6353,2011-04-17,2011-04-24,2011-04-29,3578,1,3578
SO44420,104,6513,2011-04-17,2011-04-24,2011-04-29,3578,1,3578
SO44421,106,2608,2011-04-18,2011-04-25,2011-04-30,3578,1,3578
SO44422,60,8354,2011-04-18,2011-04-25,2011-04-30,699,1,699
SO44422,61,8354,2011-04-18,2011-04-25,2011-04-30,699,1,699
SO44423,106,17587,2011-04-18,2011-04-25,2011-04-30,3578,1,3578
SO44424,105,6917,2011-04-18,2011-04-25,2011-04-30,3578,1,3578
SO44425,104,6505,2011-04-18,2011-04-25,2011-04-30,3578,1,3578
SO44426,107,2771,2011-04-19,2011-04-26,2011-05-01,3578,1,3578
SO44427,107,3147,2011-04-19,2011-04-26,2011-05-01,3578,1,3578
SO44428,106,17363,2011-04-19,2011-04-26,2011-05-01,3578,1,3578
SO44429,107,17584,2011-04-19,2011-04-26,2011-05-01,3578,1,3578
SO44430,106,6928,2011-04-19,2011-04-26,2011-05-01,3578,1,3578
SO44431,105,6726,2011-04-19,2011-04-26,2011-05-01,3578,1,3578
SO44432,107,3166,2011-04-20,2011-04-27,2011-05-02,3578,1,3578
SO44433,105,17271,2011-04-20,2011-04-27,2011-05-02,3578,1,3578
SO44434,108,17581,2011-04-20,2011-04-27,2011-05-02,3578,1,3578
SO44435,105,17574,2011-04-21,2011-04-28,2011-05-03,3578,1,3578
SO44436,68,15631,2011-04-21,2011-04-28,2011-05-03,699,1,699
SO44436,69,15631,2011-04-21,2011-04-28,2011-05-03,699,1,699
SO44437,40,77,2011-04-21,2011-04-28,2011-05-03,3400,1,3400
SO44438,105,6910,2011-04-21,2011-04-28,2011-05-03,3578,1,3578
SO44439,108,3196,2011-04-22,2011-04-29,2011-05-04,3578,1,3578
SO44440,105,1262,2011-04-22,2011-04-29,2011-05-04,3578,1,3578
SO44441,105,11119,2011-04-22,2011-04-29,2011-05-04,3578,1,3578
SO44442,56,3600,2011-04-22,2011-04-29,2011-05-04,699,1,699
SO44442,57,3600,2011-04-22,2011-04-29,2011-05-04,699,1,699
SO44443,108,6371,2011-04-22,2011-04-29,2011-05-04,3578,1,3578
SO44444,104,2698,2011-04-24,2011-05-01,2011-05-06,3578,1,3578
SO44445,107,6479,2011-04-25,2011-05-02,2011-05-07,3578,1,3578
SO44446,106,6915,2011-04-25,2011-05-02,2011-05-07,3578,1,3578
SO44447,105,1266,2011-04-26,2011-05-03,2011-05-08,3578,1,3578
SO44448,104,17265,2011-04-26,2011-05-03,2011-05-08,3578,1,3578
SO44449,105,17294,2011-04-26,2011-05-03,2011-05-08,3578,1,3578
SO44450,108,17295,2011-04-26,2011-05-03,2011-05-08,3578,1,3578
SO44451,106,17296,2011-04-26,2011-05-03,2011-05-08,3578,1,3578
SO44452,54,9165,2011-04-26,2011-05-03,2011-05-08,699,1,699
SO44452,55,9165,2011-04-26,2011-05-03,2011-05-08,699,1,699
SO44453,108,6924,2011-04-26,2011-05-03,2011-05-08,3578,1,3578
SO44454,108,6927,2011-04-26,2011-05-03,2011-05-08,3578,1,3578
SO44455,105,6514,2011-04-26,2011-05-03,2011-05-08,3578,1,3578
SO44456,66,14561,2011-04-26,2011-05-03,2011-05-08,699,1,699
SO44456,67,14561,2011-04-26,2011-05-03,2011-05-08,699,1,699
SO44457,104,17197,2011-04-27,2011-05-04,2011-05-09,3578,1,3578
SO44458,107,17248,2011-04-27,2011-05-04,2011-05-09,3578,1,3578
SO44459,107,17289,2011-04-27,2011-05-04,2011-05-09,3578,1,3578
SO44460,56,9151,2011-04-27,2011-05-04,2011-05-09,699,1,699
SO44460,57,9151,2011-04-27,2011-05-04,2011-05-09,699,1,699
SO44461,106,6919,2011-04-27,2011-05-04,2011-05-09,3578,1,3578
SO44462,104,3156,2011-04-28,2011-05-05,2011-05-10,3578,1,3578
SO44463,54,8341,2011-04-28,2011-05-05,2011-05-10,699,1,699
SO44463,55,8341,2011-04-28,2011-05-05,2011-05-10,699,1,699
SO44464,107,11121,2011-04-28,2011-05-05,2011-05-10,3578,1,3578
SO44465,66,3614,2011-04-28,2011-05-05,2011-05-10,699,1,699
SO44465,67,3614,2011-04-28,2011-05-05,2011-05-10,699,1,699
SO44466,56,15641,2011-04-28,2011-05-05,2011-05-10,699,1,699
SO44466,57,15641,2011-04-28,2011-05-05,2011-05-10,699,1,699
SO44467,42,71,2011-04-28,2011-05-05,2011-05-10,3400,1,3400
SO44468,39,76,2011-04-28,2011-05-05,2011-05-10,3375,1,3375
SO44469,107,6735,2011-04-28,2011-05-05,2011-05-10,3578,1,3578
SO44470,106,6736,2011-04-28,2011-05-05,2011-05-10,3578,1,3578
SO44471,68,14562,2011-04-28,2011-05-05,2011-05-10,699,1,699
SO44471,69,14562,2011-04-28,2011-05-05,2011-05-10,699,1,699
SO44472,105,2686,2011-04-29,2011-05-06,2011-05-11,3578,1,3578
SO44473,105,17256,2011-04-29,2011-05-06,2011-05-11,3578,1,3578
SO44474,64,3602,2011-04-29,2011-05-06,2011-05-11,699,1,699
SO44474,65,3602,2011-04-29,2011-05-06,2011-05-11,699,1,699
SO44475,41,102,2011-04-29,2011-05-06,2011-05-11,3400,1,3400
SO44476,107,6914,2011-04-29,2011-05-06,2011-05-11,3578,1,3578
SO44477,108,6923,2011-04-29,2011-05-06,2011-05-11,3578,1,3578
SO44478,107,6727,2011-04-29,2011-05-06,2011-05-11,3578,1,3578
SO44479,38,18392,2011-04-30,2011-05-07,2011-05-12,3375,1,3375
SO44480,38,14892,2011-04-30,2011-05-07,2011-05-12,3375,1,3375
SO44571,43,18449,2011-05-01,2011-05-08,2011-05-13,3400,1,3400
SO44572,107,17665,2011-05-01,2011-05-08,2011-05-13,3578,1,3578
SO44573,43,14918,2011-05-01,2011-05-08,2011-05-13,3400,1,3400
SO44574,37,108,2011-05-01,2011-05-08,2011-05-13,3375,1,3375
SO44575,40,111,2011-05-01,2011-05-08,2011-05-13,3400,1,3400
SO44576,106,17661,2011-05-01,2011-05-08,2011-05-13,3578,1,3578
SO44577,107,17668,2011-05-02,2011-05-09,2011-05-14,3578,1,3578
SO44578,107,17654,2011-05-02,2011-05-09,2011-05-14,3578,1,3578
SO44579,105,17663,2011-05-02,2011-05-09,2011-05-14,3578,1,3578
SO44580,107,2783,2011-05-03,2011-05-10,2011-05-15,3578,1,3578
SO44581,36,109,2011-05-03,2011-05-10,2011-05-15,3375,1,3375
SO44582,42,135,2011-05-03,2011-05-10,2011-05-15,3400,1,3400
SO44583,108,7211,2011-05-03,2011-05-10,2011-05-15,3578,1,3578
SO44584,106,17672,2011-05-04,2011-05-11,2011-05-16,3578,1,3578
SO44585,105,17791,2011-05-04,2011-05-11,2011-05-16,3578,1,3578
SO44586,107,17795,2011-05-04,2011-05-11,2011-05-16,3578,1,3578
SO44587,104,17628,2011-05-04,2011-05-11,2011-05-16,3578,1,3578
SO44588,52,15684,2011-05-04,2011-05-11,2011-05-16,699,1,699
SO44588,53,15684,2011-05-04,2011-05-11,2011-05-16,699,1,699
SO44589,42,105,2011-05-04,2011-05-11,2011-05-16,3400,1,3400
SO44590,108,2796,2011-05-05,2011-05-12,2011-05-17,3578,1,3578
SO44591,64,6988,2011-05-05,2011-05-12,2011-05-17,699,1,699
SO44591,65,6988,2011-05-05,2011-05-12,2011-05-17,699,1,699
SO44592,107,17762,2011-05-05,2011-05-12,2011-05-17,3578,1,3578
SO44593,106,17646,2011-05-05,2011-05-12,2011-05-17,3578,1,3578
SO44594,108,7251,2011-05-05,2011-05-12,2011-05-17,3578,1,3578
SO44595,41,125,2011-05-05,2011-05-12,2011-05-17,3400,1,3400
SO44596,106,7239,2011-05-05,2011-05-12,2011-05-17,3578,1,3578
SO44597,108,1291,2011-05-06,2011-05-13,2011-05-18,3578,1,3578
SO44598,36,18401,2011-05-06,2011-05-13,2011-05-18,3375,1,3375
SO44599,108,17793,2011-05-06,2011-05-13,2011-05-18,3578,1,3578
SO44600,107,7244,2011-05-06,2011-05-13,2011-05-18,3578,1,3578
SO44601,41,118,2011-05-06,2011-05-13,2011-05-18,3400,1,3400
SO44602,107,3703,2011-05-07,2011-05-14,2011-05-19,3578,1,3578
SO44603,52,9168,2011-05-07,2011-05-14,2011-05-19,699,1,699
SO44603,53,9168,2011-05-07,2011-05-14,2011-05-19,699,1,699
SO44604,68,8365,2011-05-07,2011-05-14,2011-05-19,699,1,699
SO44604,69,8365,2011-05-07,2011-05-14,2011-05-19,699,1,699
SO44605,107,17673,2011-05-07,2011-05-14,2011-05-19,3578,1,3578
SO44606,106,17773,2011-05-07,2011-05-14,2011-05-19,3578,1,3578
SO44607,108,17775,2011-05-07,2011-05-14,2011-05-19,3578,1,3578
SO44608,106,7201,2011-05-07,2011-05-14,2011-05-19,3578,1,3578
SO44609,104,7221,2011-05-07,2011-05-14,2011-05-19,3578,1,3578
SO44610,106,7242,2011-05-07,2011-05-14,2011-05-19,3578,1,3578
SO44611,107,2779,2011-05-08,2011-05-15,2011-05-20,3578,1,3578
SO44612,104,17676,2011-05-08,2011-05-15,2011-05-20,3578,1,3578
SO44613,106,17629,2011-05-08,2011-05-15,2011-05-20,3578,1,3578
SO44614,105,17651,2011-05-08,2011-05-15,2011-05-20,3578,1,3578
SO44615,107,17655,2011-05-08,2011-05-15,2011-05-20,3578,1,3578
SO44616,107,17656,2011-05-08,2011-05-15,2011-05-20,3578,1,3578
SO44617,106,17667,2011-05-08,2011-05-15,2011-05-20,3578,1,3578
SO44618,107,7206,2011-05-08,2011-05-15,2011-05-20,3578,1,3578
SO44619,105,2790,2011-05-09,2011-05-16,2011-05-21,3578,1,3578
SO44620,105,7205,2011-05-09,2011-05-16,2011-05-21,3578,1,3578
SO44621,106,7218,2011-05-09,2011-05-16,2011-05-21,3578,1,3578
SO44622,104,2772,2011-05-09,2011-05-16,2011-05-21,3578,1,3578
SO44623,105,1302,2011-05-10,2011-05-17,2011-05-22,3578,1,3578
SO44624,52,8358,2011-05-10,2011-05-17,2011-05-22,699,1,699
SO44624,53,8358,2011-05-10,2011-05-17,2011-05-22,699,1,699
SO44625,107,17659,2011-05-10,2011-05-17,2011-05-22,3578,1,3578
SO44626,106,7273,2011-05-10,2011-05-17,2011-05-22,3578,1,3578
SO44627,37,110,2011-05-10,2011-05-17,2011-05-22,3375,1,3375
SO44628,36,357,2011-05-10,2011-05-17,2011-05-22,3375,1,3375
SO44629,104,7210,2011-05-10,2011-05-17,2011-05-22,3578,1,3578
SO44630,105,17766,2011-05-11,2011-05-18,2011-05-23,3578,1,3578
SO44631,108,17630,2011-05-11,2011-05-18,2011-05-23,3578,1,3578
SO44632,107,7197,2011-05-11,2011-05-18,2011-05-23,3578,1,3578
SO44633,108,7204,2011-05-11,2011-05-18,2011-05-23,3578,1,3578
SO44634,104,7214,2011-05-11,2011-05-18,2011-05-23,3578,1,3578
SO44635,108,7219,2011-05-11,2011-05-18,2011-05-23,3578,1,3578
SO44636,107,3706,2011-05-12,2011-05-19,2011-05-24,3578,1,3578
SO44637,104,17645,2011-05-12,2011-05-19,2011-05-24,3578,1,3578
SO44638,108,17652,2011-05-12,2011-05-19,2011-05-24,3578,1,3578
SO44639,64,3618,2011-05-12,2011-05-19,2011-05-24,699,1,699
SO44639,65,3618,2011-05-12,2011-05-19,2011-05-24,699,1,699
SO44640,106,7247,2011-05-12,2011-05-19,2011-05-24,3578,1,3578
SO44641,106,7256,2011-05-12,2011-05-19,2011-05-24,3578,1,3578
SO44642,64,14568,2011-05-12,2011-05-19,2011-05-24,699,1,699
SO44642,65,14568,2011-05-12,2011-05-19,2011-05-24,699,1,699
SO44643,107,1281,2011-05-13,2011-05-20,2011-05-25,3578,1,3578
SO44644,104,1280,2011-05-13,2011-05-20,2011-05-25,3578,1,3578
SO44645,40,345,2011-05-13,2011-05-20,2011-05-25,3400,1,3400
SO44646,40,18450,2011-05-13,2011-05-20,2011-05-25,3400,1,3400
SO44647,105,17771,2011-05-13,2011-05-20,2011-05-25,3578,1,3578
SO44648,40,14917,2011-05-13,2011-05-20,2011-05-25,3400,1,3400
SO44649,40,14925,2011-05-13,2011-05-20,2011-05-25,3400,1,3400
SO44650,39,148,2011-05-13,2011-05-20,2011-05-25,3375,1,3375
SO44651,106,3721,2011-05-14,2011-05-21,2011-05-26,3578,1,3578
SO44652,38,17408,2011-05-14,2011-05-21,2011-05-26,3375,1,3375
SO44653,60,9171,2011-05-14,2011-05-21,2011-05-26,699,1,699
SO44653,61,9171,2011-05-14,2011-05-21,2011-05-26,699,1,699
SO44654,106,17620,2011-05-14,2011-05-21,2011-05-26,3578,1,3578
SO44655,42,106,2011-05-14,2011-05-21,2011-05-26,3400,1,3400
SO44656,104,7276,2011-05-14,2011-05-21,2011-05-26,3578,1,3578
SO44657,38,121,2011-05-14,2011-05-21,2011-05-26,3375,1,3375
SO44658,105,7202,2011-05-14,2011-05-21,2011-05-26,3578,1,3578
SO44659,106,7209,2011-05-14,2011-05-21,2011-05-26,3578,1,3578
SO44660,108,17776,2011-05-15,2011-05-22,2011-05-27,3578,1,3578
SO44661,58,3640,2011-05-15,2011-05-22,2011-05-27,699,1,699
SO44661,59,3640,2011-05-15,2011-05-22,2011-05-27,699,1,699
SO44662,37,152,2011-05-15,2011-05-22,2011-05-27,3375,1,3375
SO44663,106,7213,2011-05-15,2011-05-22,2011-05-27,3578,1,3578
SO44664,104,7223,2011-05-15,2011-05-22,2011-05-27,3578,1,3578
SO44665,56,14565,2011-05-15,2011-05-22,2011-05-27,699,1,699
SO44665,57,14565,2011-05-15,2011-05-22,2011-05-27,699,1,699
SO44666,106,17764,2011-05-16,2011-05-23,2011-05-28,3578,1,3578
SO44667,108,17796,2011-05-16,2011-05-23,2011-05-28,3578,1,3578
SO44668,106,17622,2011-05-16,2011-05-23,2011-05-28,3578,1,3578
SO44669,38,14943,2011-05-16,2011-05-23,2011-05-28,3375,1,3375
SO44670,106,7246,2011-05-16,2011-05-23,2011-05-28,3578,1,3578
SO44671,104,7269,2011-05-16,2011-05-23,2011-05-28,3578,1,3578
SO44672,108,7208,2011-05-16,2011-05-23,2011-05-28,3578,1,3578
SO44673,107,2791,2011-05-17,2011-05-24,2011-05-29,3578,1,3578
SO44674,107,17636,2011-05-17,2011-05-24,2011-05-29,3578,1,3578
SO44675,58,14567,2011-05-17,2011-05-24,2011-05-29,699,1,699
SO44675,59,14567,2011-05-17,2011-05-24,2011-05-29,699,1,699
SO44676,105,7199,2011-05-17,2011-05-24,2011-05-29,3578,1,3578
SO44677,108,11234,2011-05-18,2011-05-25,2011-05-30,3578,1,3578
SO44678,108,11122,2011-05-18,2011-05-25,2011-05-30,3578,1,3578
SO44679,42,107,2011-05-18,2011-05-25,2011-05-30,3400,1,3400
SO44680,105,1297,2011-05-19,2011-05-26,2011-05-31,3578,1,3578
SO44681,52,6983,2011-05-19,2011-05-26,2011-05-31,699,1,699
SO44681,53,6983,2011-05-19,2011-05-26,2011-05-31,699,1,699
SO44682,108,17798,2011-05-19,2011-05-26,2011-05-31,3578,1,3578
SO44683,105,17800,2011-05-19,2011-05-26,2011-05-31,3578,1,3578
SO44684,108,17644,2011-05-19,2011-05-26,2011-05-31,3578,1,3578
SO44685,108,7250,2011-05-19,2011-05-26,2011-05-31,3578,1,3578
SO44686,106,3713,2011-05-20,2011-05-27,2011-06-01,3578,1,3578
SO44687,52,9173,2011-05-20,2011-05-27,2011-06-01,699,1,699
SO44687,53,9173,2011-05-20,2011-05-27,2011-06-01,699,1,699
SO44688,108,7245,2011-05-20,2011-05-27,2011-06-01,3578,1,3578
SO44689,108,7270,2011-05-20,2011-05-27,2011-06-01,3578,1,3578
SO44690,40,112,2011-05-20,2011-05-27,2011-06-01,3400,1,3400
SO44691,42,17415,2011-05-21,2011-05-28,2011-06-02,3400,1,3400
SO44692,104,17671,2011-05-21,2011-05-28,2011-06-02,3578,1,3578
SO44693,104,17677,2011-05-21,2011-05-28,2011-06-02,3578,1,3578
SO44694,104,11233,2011-05-21,2011-05-28,2011-06-02,3578,1,3578
SO44695,42,8856,2011-05-21,2011-05-28,2011-06-02,3400,1,3400
SO44696,106,7255,2011-05-21,2011-05-28,2011-06-02,3578,1,3578
SO44697,108,7220,2011-05-22,2011-05-29,2011-06-03,3578,1,3578
SO44698,60,14566,2011-05-22,2011-05-29,2011-06-03,699,1,699
SO44698,61,14566,2011-05-22,2011-05-29,2011-06-03,699,1,699
SO44699,106,11235,2011-05-23,2011-05-30,2011-06-04,3578,1,3578
SO44700,107,17770,2011-05-23,2011-05-30,2011-06-04,3578,1,3578
SO44701,58,3637,2011-05-23,2011-05-30,2011-06-04,699,1,699
SO44701,59,3637,2011-05-23,2011-05-30,2011-06-04,699,1,699
SO44702,107,7261,2011-05-23,2011-05-30,2011-06-04,3578,1,3578
SO44703,104,1301,2011-05-24,2011-05-31,2011-06-05,3578,1,3578
SO44704,38,18404,2011-05-24,2011-05-31,2011-06-05,3375,1,3375
SO44705,104,17679,2011-05-24,2011-05-31,2011-06-05,3578,1,3578
SO44706,104,17619,2011-05-24,2011-05-31,2011-06-05,3578,1,3578
SO44707,104,17650,2011-05-24,2011-05-31,2011-06-05,3578,1,3578
SO44708,38,14910,2011-05-24,2011-05-31,2011-06-05,3375,1,3375
SO44709,104,7241,2011-05-24,2011-05-31,2011-06-05,3578,1,3578
SO44710,106,17675,2011-05-25,2011-06-01,2011-06-06,3578,1,3578
SO44711,108,7249,2011-05-25,2011-06-01,2011-06-06,3578,1,3578
SO44712,36,113,2011-05-25,2011-06-01,2011-06-06,3375,1,3375
SO44713,106,11129,2011-05-26,2011-06-02,2011-06-07,3578,1,3578
SO44714,106,17658,2011-05-26,2011-06-02,2011-06-07,3578,1,3578
SO44715,107,11183,2011-05-26,2011-06-02,2011-06-07,3578,1,3578
SO44716,107,11231,2011-05-26,2011-06-02,2011-06-07,3578,1,3578
SO44717,58,3617,2011-05-26,2011-06-02,2011-06-07,699,1,699
SO44717,59,3617,2011-05-26,2011-06-02,2011-06-07,699,1,699
SO44718,107,7240,2011-05-26,2011-06-02,2011-06-07,3578,1,3578
SO44719,106,3701,2011-05-27,2011-06-03,2011-06-08,3578,1,3578
SO44720,104,17626,2011-05-27,2011-06-03,2011-06-08,3578,1,3578
SO44721,52,15644,2011-05-27,2011-06-03,2011-06-08,699,1,699
SO44721,53,15644,2011-05-27,2011-06-03,2011-06-08,699,1,699
SO44722,108,2775,2011-05-28,2011-06-04,2011-06-09,3578,1,3578
SO44723,41,18411,2011-05-28,2011-06-04,2011-06-09,3400,1,3400
SO44724,107,17666,2011-05-28,2011-06-04,2011-06-09,3578,1,3578
SO44725,41,14911,2011-05-28,2011-06-04,2011-06-09,3400,1,3400
SO44726,54,3615,2011-05-28,2011-06-04,2011-06-09,699,1,699
SO44726,55,3615,2011-05-28,2011-06-04,2011-06-09,699,1,699
SO44727,106,7274,2011-05-28,2011-06-04,2011-06-09,3578,1,3578
SO44728,40,127,2011-05-28,2011-06-04,2011-06-09,3400,1,3400
SO44729,108,1308,2011-05-29,2011-06-05,2011-06-10,3578,1,3578
SO44730,104,3698,2011-05-29,2011-06-05,2011-06-10,3578,1,3578
SO44731,105,17662,2011-05-29,2011-06-05,2011-06-10,3578,1,3578
SO44732,105,7252,2011-05-29,2011-06-05,2011-06-10,3578,1,3578
SO44733,106,7215,2011-05-29,2011-06-05,2011-06-10,3578,1,3578
SO44734,106,1286,2011-05-30,2011-06-06,2011-06-11,3578,1,3578
SO44735,104,17674,2011-05-30,2011-06-06,2011-06-11,3578,1,3578
SO44736,62,3635,2011-05-30,2011-06-06,2011-06-11,699,1,699
SO44736,63,3635,2011-05-30,2011-06-06,2011-06-11,699,1,699
SO44737,107,7243,2011-05-30,2011-06-06,2011-06-11,3578,1,3578
SO44738,106,7253,2011-05-30,2011-06-06,2011-06-11,3578,1,3578
SO44739,105,7203,2011-05-30,2011-06-06,2011-06-11,3578,1,3578
SO44803,108,1384,2011-05-31,2011-06-07,2011-06-12,3578,1,3578
SO44804,108,17830,2011-05-31,2011-06-07,2011-06-12,3578,1,3578
SO44805,107,18012,2011-05-31,2011-06-07,2011-06-12,3578,1,3578
SO44806,104,7453,2011-05-31,2011-06-07,2011-06-12,3578,1,3578
SO44807,38,366,2011-05-31,2011-06-07,2011-06-12,3375,1,3375
SO44808,104,2837,2011-06-01,2011-06-08,2011-06-13,3578,1,3578
SO44809,52,9553,2011-06-01,2011-06-08,2011-06-13,699,1,699
SO44809,53,9553,2011-06-01,2011-06-08,2011-06-13,699,1,699
SO44810,104,18127,2011-06-01,2011-06-08,2011-06-13,3578,1,3578
SO44811,104,11733,2011-06-01,2011-06-08,2011-06-13,3578,1,3578
SO44812,107,17989,2011-06-01,2011-06-08,2011-06-13,3578,1,3578
SO44813,105,7696,2011-06-01,2011-06-08,2011-06-13,3578,1,3578
SO44814,106,7282,2011-06-01,2011-06-08,2011-06-13,3578,1,3578
SO44815,39,445,2011-06-01,2011-06-08,2011-06-13,3375,1,3375
SO44816,105,1322,2011-06-02,2011-06-09,2011-06-14,3578,1,3578
SO44817,105,3778,2011-06-02,2011-06-09,2011-06-14,3578,1,3578
SO44818,106,17828,2011-06-02,2011-06-09,2011-06-14,3578,1,3578
SO44819,106,17854,2011-06-02,2011-06-09,2011-06-14,3578,1,3578
SO44820,38,14973,2011-06-02,2011-06-09,2011-06-14,3375,1,3375
SO44821,41,14976,2011-06-02,2011-06-09,2011-06-14,3400,1,3400
SO44822,104,7487,2011-06-02,2011-06-09,2011-06-14,3578,1,3578
SO44823,106,7489,2011-06-02,2011-06-09,2011-06-14,3578,1,3578
SO44824,105,7695,2011-06-02,2011-06-09,2011-06-14,3578,1,3578
SO44825,105,7310,2011-06-02,2011-06-09,2011-06-14,3578,1,3578
SO44826,107,1309,2011-06-03,2011-06-10,2011-06-15,3578,1,3578
SO44827,40,14974,2011-06-03,2011-06-10,2011-06-15,3400,1,3400
SO44828,105,17998,2011-06-03,2011-06-10,2011-06-15,3578,1,3578
SO44829,56,3644,2011-06-03,2011-06-10,2011-06-15,699,1,699
SO44829,57,3644,2011-06-03,2011-06-10,2011-06-15,699,1,699
SO44830,107,7338,2011-06-03,2011-06-10,2011-06-15,3578,1,3578
SO44831,38,18468,2011-06-04,2011-06-11,2011-06-16,3375,1,3375
SO44832,104,17805,2011-06-04,2011-06-11,2011-06-16,3578,1,3578
SO44833,108,17843,2011-06-04,2011-06-11,2011-06-16,3578,1,3578
SO44834,38,14953,2011-06-04,2011-06-11,2011-06-16,3375,1,3375
SO44835,104,7339,2011-06-04,2011-06-11,2011-06-16,3578,1,3578
SO44836,107,7466,2011-06-04,2011-06-11,2011-06-16,3578,1,3578
SO44837,105,2809,2011-06-05,2011-06-12,2011-06-17,3578,1,3578
SO44838,104,3139,2011-06-05,2011-06-12,2011-06-17,3578,1,3578
SO44839,107,17826,2011-06-05,2011-06-12,2011-06-17,3578,1,3578
SO44840,107,17858,2011-06-05,2011-06-12,2011-06-17,3578,1,3578
SO44841,107,7336,2011-06-05,2011-06-12,2011-06-17,3578,1,3578
SO44842,108,3141,2011-06-06,2011-06-13,2011-06-18,3578,1,3578
SO44843,105,18059,2011-06-06,2011-06-13,2011-06-18,3578,1,3578
SO44844,107,18140,2011-06-06,2011-06-13,2011-06-18,3578,1,3578
SO44845,106,17846,2011-06-06,2011-06-13,2011-06-18,3578,1,3578
SO44846,107,7335,2011-06-06,2011-06-13,2011-06-18,3578,1,3578
SO44847,42,446,2011-06-06,2011-06-13,2011-06-18,3400,1,3400
SO44848,36,17419,2011-06-07,2011-06-14,2011-06-19,3375,1,3375
SO44849,68,6997,2011-06-07,2011-06-14,2011-06-19,699,1,699
SO44849,69,6997,2011-06-07,2011-06-14,2011-06-19,699,1,699
SO44850,58,8418,2011-06-07,2011-06-14,2011-06-19,699,1,699
SO44850,59,8418,2011-06-07,2011-06-14,2011-06-19,699,1,699
SO44851,108,11300,2011-06-07,2011-06-14,2011-06-19,3578,1,3578
SO44852,104,18129,2011-06-07,2011-06-14,2011-06-19,3578,1,3578
SO44853,36,8875,2011-06-07,2011-06-14,2011-06-19,3375,1,3375
SO44854,104,18005,2011-06-07,2011-06-14,2011-06-19,3578,1,3578
SO44855,66,15693,2011-06-07,2011-06-14,2011-06-19,699,1,699
SO44855,67,15693,2011-06-07,2011-06-14,2011-06-19,699,1,699
SO44856,62,3652,2011-06-07,2011-06-14,2011-06-19,699,1,699
SO44856,63,3652,2011-06-07,2011-06-14,2011-06-19,699,1,699
SO44857,108,7485,2011-06-07,2011-06-14,2011-06-19,3578,1,3578
SO44858,105,7488,2011-06-07,2011-06-14,2011-06-19,3578,1,3578
SO44859,108,7496,2011-06-07,2011-06-14,2011-06-19,3578,1,3578
SO44860,108,7694,2011-06-07,2011-06-14,2011-06-19,3578,1,3578
SO44861,107,7289,2011-06-07,2011-06-14,2011-06-19,3578,1,3578
SO44862,106,7458,2011-06-07,2011-06-14,2011-06-19,3578,1,3578
SO44863,108,7468,2011-06-07,2011-06-14,2011-06-19,3578,1,3578
SO44864,36,365,2011-06-07,2011-06-14,2011-06-19,3375,1,3375
SO44865,39,373,2011-06-07,2011-06-14,2011-06-19,3375,1,3375
SO44866,38,444,2011-06-07,2011-06-14,2011-06-19,3375,1,3375
SO44867,106,3794,2011-06-08,2011-06-15,2011-06-20,3578,1,3578
SO44868,106,17853,2011-06-08,2011-06-15,2011-06-20,3578,1,3578
SO44869,105,7701,2011-06-08,2011-06-15,2011-06-20,3578,1,3578
SO44870,104,7302,2011-06-08,2011-06-15,2011-06-20,3578,1,3578
SO44871,41,364,2011-06-08,2011-06-15,2011-06-20,3400,1,3400
SO44872,105,18112,2011-06-09,2011-06-16,2011-06-21,3578,1,3578
SO44873,105,17829,2011-06-09,2011-06-16,2011-06-21,3578,1,3578
SO44874,66,7005,2011-06-10,2011-06-17,2011-06-22,699,1,699
SO44874,67,7005,2011-06-10,2011-06-17,2011-06-22,699,1,699
SO44875,106,18049,2011-06-10,2011-06-17,2011-06-22,3578,1,3578
SO44876,105,18057,2011-06-10,2011-06-17,2011-06-22,3578,1,3578
SO44877,104,18137,2011-06-10,2011-06-17,2011-06-22,3578,1,3578
SO44878,104,17808,2011-06-10,2011-06-17,2011-06-22,3578,1,3578
SO44879,108,17834,2011-06-10,2011-06-17,2011-06-22,3578,1,3578
SO44880,104,7471,2011-06-10,2011-06-17,2011-06-22,3578,1,3578
SO44881,106,7497,2011-06-10,2011-06-17,2011-06-22,3578,1,3578
SO44882,104,7704,2011-06-10,2011-06-17,2011-06-22,3578,1,3578
SO44883,107,7297,2011-06-10,2011-06-17,2011-06-22,3578,1,3578
SO44884,105,7309,2011-06-10,2011-06-17,2011-06-22,3578,1,3578
SO44885,108,3834,2011-06-11,2011-06-18,2011-06-23,3578,1,3578
SO44886,107,18109,2011-06-11,2011-06-18,2011-06-23,3578,1,3578
SO44887,108,17822,2011-06-11,2011-06-18,2011-06-23,3578,1,3578
SO44888,108,17839,2011-06-11,2011-06-18,2011-06-23,3578,1,3578
SO44889,36,352,2011-06-12,2011-06-19,2011-06-24,3375,1,3375
SO44890,42,382,2011-06-12,2011-06-19,2011-06-24,3400,1,3400
SO44891,108,17848,2011-06-12,2011-06-19,2011-06-24,3578,1,3578
SO44892,106,11268,2011-06-12,2011-06-19,2011-06-24,3578,1,3578
SO44893,107,17857,2011-06-12,2011-06-19,2011-06-24,3578,1,3578
SO44894,36,14944,2011-06-12,2011-06-19,2011-06-24,3375,1,3375
SO44895,39,14952,2011-06-12,2011-06-19,2011-06-24,3375,1,3375
SO44896,42,14965,2011-06-12,2011-06-19,2011-06-24,3400,1,3400
SO44897,107,7697,2011-06-12,2011-06-19,2011-06-24,3578,1,3578
SO44898,108,7308,2011-06-12,2011-06-19,2011-06-24,3578,1,3578
SO44899,39,354,2011-06-12,2011-06-19,2011-06-24,3375,1,3375
SO44900,107,3779,2011-06-13,2011-06-20,2011-06-25,3578,1,3578
SO44901,106,1333,2011-06-13,2011-06-20,2011-06-25,3578,1,3578
SO44902,107,2830,2011-06-13,2011-06-20,2011-06-25,3578,1,3578
SO44903,106,7285,2011-06-13,2011-06-20,2011-06-25,3578,1,3578
SO44904,38,360,2011-06-13,2011-06-20,2011-06-25,3375,1,3375
SO44905,105,2823,2011-06-14,2011-06-21,2011-06-26,3578,1,3578
SO44906,104,3833,2011-06-14,2011-06-21,2011-06-26,3578,1,3578
SO44907,70,8416,2011-06-14,2011-06-21,2011-06-26,699,1,699
SO44907,71,8416,2011-06-14,2011-06-21,2011-06-26,699,1,699
SO44908,107,18033,2011-06-14,2011-06-21,2011-06-26,3578,1,3578
SO44909,108,17841,2011-06-14,2011-06-21,2011-06-26,3578,1,3578
SO44910,40,14970,2011-06-14,2011-06-21,2011-06-26,3400,1,3400
SO44911,37,14977,2011-06-14,2011-06-21,2011-06-26,3375,1,3375
SO44912,108,17967,2011-06-14,2011-06-21,2011-06-26,3578,1,3578
SO44913,104,7469,2011-06-14,2011-06-21,2011-06-26,3578,1,3578
SO44914,104,7492,2011-06-14,2011-06-21,2011-06-26,3578,1,3578
SO44915,105,7462,2011-06-14,2011-06-21,2011-06-26,3578,1,3578
SO44916,104,7464,2011-06-14,2011-06-21,2011-06-26,3578,1,3578
SO44917,108,2843,2011-06-15,2011-06-22,2011-06-27,3578,1,3578
SO44918,38,18467,2011-06-15,2011-06-22,2011-06-27,3375,1,3375
SO44919,108,18018,2011-06-15,2011-06-22,2011-06-27,3578,1,3578
SO44920,48,3649,2011-06-15,2011-06-22,2011-06-27,699,1,699
SO44920,49,3649,2011-06-15,2011-06-22,2011-06-27,699,1,699
SO44921,105,7490,2011-06-15,2011-06-22,2011-06-27,3578,1,3578
SO44922,107,7278,2011-06-15,2011-06-22,2011-06-27,3578,1,3578
SO44923,105,7337,2011-06-15,2011-06-22,2011-06-27,3578,1,3578
SO44924,108,17831,2011-06-16,2011-06-23,2011-06-28,3578,1,3578
SO44925,106,7494,2011-06-16,2011-06-23,2011-06-28,3578,1,3578
SO44926,62,14707,2011-06-16,2011-06-23,2011-06-28,699,1,699
SO44926,63,14707,2011-06-16,2011-06-23,2011-06-28,699,1,699
SO44927,36,449,2011-06-16,2011-06-23,2011-06-28,3375,1,3375
SO44928,107,3844,2011-06-17,2011-06-24,2011-06-29,3578,1,3578
